Workbook

Sheet ANA SAYFA
B1: Data | C1: =TODAY() -> 46077 | E1: DETALII PANOU - PENTRU TOATE SISTEMELE
B2: Executant | E2: Maner drept
B3: Reprezentant client | E3: Parte blocata
B4: Date client | E4: Parte înglobata
B5: Tara
B6: Compania | E6: ATENTIE
B7: Nume proiect | E7: Sticla: dimensiuni trebuiesc verificate
B8: Culoare
B9: Cod culoare
B11: PROJE DETAYLARI
A12: POZ | B12: Latime sistem (CM) | C12: Inaltime sistem (CM) | D12: Tip sticla | E12: Nr de canale | F12: Nr de panouri | G12: cantitate | H12: Orientare sistem | I12: Prag suplimentar
A13: POZ 1 | D13: TEKCAM | E13: 3'LÜ RAY | F13: 3 | G13: 1 | H13: sol | I13: VAR
A14: POZ 2 | D14: TEKCAM | E14: 3'LÜ RAY | I14: YOK
A15: POZ 3 | D15: TEKCAM | E15: 3'LÜ RAY | I15: YOK
A16: POZ 4 | D16: TEKCAM | E16: 3'LÜ RAY | I16: YOK
A17: POZ 5 | D17: TEKCAM | E17: 3'LÜ RAY | I17: YOK
A18: POZ 6 | D18: TEKCAM | E18: 3'LÜ RAY | I18: YOK
A19: POZ 7 | D19: TEKCAM | E19: 3'LÜ RAY | I19: YOK
A20: POZ 8 | D20: TEKCAM | E20: 3'LÜ RAY | I20: YOK
A21: POZ 9 | D21: TEKCAM | E21: 3'LÜ RAY | I21: YOK
A22: POZ 10 | D22: TEKCAM | E22: 3'LÜ RAY | I22: YOK
A23: POZ 11 | D23: TEKCAM | E23: 3'LÜ RAY | I23: YOK
A24: POZ 12 | D24: TEKCAM | E24: 3'LÜ RAY | I24: YOK
A25: POZ 13 | D25: TEKCAM | E25: 3'LÜ RAY | I25: YOK
... A42: POZ 30 | D42: TEKCAM | E42: 3'LÜ RAY | I42: YOK

Sheet Veri Sayfası - 1
B3: TARİH | C3: ='ANA SAYFA'!C1 -> 46077
B4: HAZIRLAYAN | C4: ='ANA SAYFA'!C2 -> 0
B5: MÜŞTERİ TEMSİLCİSİ | C5: ='ANA SAYFA'!C3 -> 0
B7: ÜLKE | C7: ='ANA SAYFA'!C5 -> 0
B8: FİRMA | C8: ='ANA SAYFA'!C6 -> 0
B9: PROJE ADI | C9: ='ANA SAYFA'!C7 -> 0
B11: SİSTEM RENGİ | C11: ='ANA SAYFA'!C9 -> 0
R12: =15/705 -> 0.021276596
B13: ='ANA SAYFA'!B12 -> Latime sistem (CM) | C13: ='ANA SAYFA'!C12 -> Inaltime sistem (CM) | D13: ='ANA SAYFA'!D12 -> Tip sticla | E13: ='ANA SAYFA'!E12 -> Nr de canale | F13: ='ANA SAYFA'!F12 -> Nr de panouri | G13: ='ANA SAYFA'!G12 -> cantitate | H13: ALT ORTA VE DİKME KIL FİTİL HESABI | I13: ALT EŞİK | J13: TOPLAM PANEL SAYISI | K13: BİR SİSTEM PANEL SAYISI | L13: ALT ORTA HESAPLAMA | M13: SÜRME METAL KIZAK SIRA SAYISI | N13: RAY UZUNLUK (M) | O13: ORTA BİRLEŞİM ISICAM | P13: KIL FİTİL -48X450 | Q13: KIL FİTİL -67X550 | R13: KAUÇUK FİTİL | S13: SU TAHLİYE /3 LÜ | T13: SU TAHLİYE /5 Lİ | U13: ORTA BİRLEŞİM TEKCAM | V13: ÇERÇEVESİZ METAL | W13: ÇERÇEVESİZ FİTİL
A14: ='ANA SAYFA'!A13 -> POZ 1 | B14: ='ANA SAYFA'!B13 -> 0 | C14: ='ANA SAYFA'!C13 -> 0 | D14: ='ANA SAYFA'!D13 -> TEKCAM | E14: ='ANA SAYFA'!E13 -> 3'LÜ RAY | F14: ='ANA SAYFA'!F13 -> 3 | G14: ='ANA SAYFA'!G13 -> 1 | H14: =IFERROR(VLOOKUP(F14,'Veri Sayfası - 2'!B18:E27,4,0),0) -> 4 | I14: ='ANA SAYFA'!I13 -> VAR | J14: =IFERROR((VLOOKUP(F14,'Veri Sayfası - 2'!B18:C27,2)*G14),0) -> 3 | K14: =IFERROR(J14/G14,0) -> 3 | L14: =H14*G14 -> 4 | M14: =IFERROR((VLOOKUP(F14,'Veri Sayfası - 2'!B18:D27,3,0)),0) -> 3 | N14: =IFERROR((ROUNDUP(B14/100,0)*M14*G14),0) -> 0 | O14: =IF(AND(D14="ISICAM",F14="2+2"),G14,IF(AND(D14="ISICAM",F14="3+3"),G14,IF(AND(D14="ISICAM",F14="4+4"),G14,IF(AND(D14="ISICAM",F14="5+5"),G14,0)))) -> 0 | P14: =IFERROR((IF(OR(E14="5'Lİ RAY ÇERÇEVESİZ",E14="3'LÜ RAY ÇERÇEVESİZ"),G14*4*C14/100,(H14+4)*G14*C14/100)),0) -> 0 | Q14: =M14*B14*G14/100 -> 0 | R14: =IF(OR(F14="2",F14="3",F14="4",F14="5"),G14*C14*2*$R$12/100,G14*C14*4*$R$12/100) -> 0 | S14: =IF(E14="3'LÜ RAY",2*G14,IF(E14="3'LÜ RAY ÇERÇEVESİZ",2*G14,0)) -> 2 | T14: =IF(E14="5'Lİ RAY",2*G14,IF(E14="5'Lİ RAY ÇERÇEVESİZ",2*G14,0)) -> 0 | U14: =IF(AND(D14="TEKCAM",F14="2+2"),G14,IF(AND(D14="TEKCAM",F14="3+3"),G14,IF(AND(D14="TEKCAM",F14="4+4"),G14,IF(AND(D14="TEKCAM",F14="5+5"),G14,0)))) -> 0 | V14: =IF(OR(E14="5'Lİ RAY ÇERÇEVESİZ",E14="3'LÜ RAY ÇERÇEVESİZ"),(K14*2-2)*G14,0) -> 0 | W14: =IF(OR(E14="5'Lİ RAY ÇERÇEVESİZ",E14="3'LÜ RAY ÇERÇEVESİZ"),(K14*2-2)*G14*C14/100,0) -> 0
A15: ='ANA SAYFA'!A14 -> POZ 2 | B15: ='ANA SAYFA'!B14 -> 0 | C15: ='ANA SAYFA'!C14 -> 0 | D15: ='ANA SAYFA'!D14 -> TEKCAM | E15: ='ANA SAYFA'!E14 -> 3'LÜ RAY | F15: ='ANA SAYFA'!F14 -> 0 | G15: ='ANA SAYFA'!G14 -> 0 | H15: =IFERROR(VLOOKUP(F15,'Veri Sayfası - 2'!B19:E28,4,0),0) -> 0 | I15: ='ANA SAYFA'!I14 -> YOK | J15: =IFERROR((VLOOKUP(F15,'Veri Sayfası - 2'!B19:C28,2)*G15),0) -> 0 | K15: =IFERROR(J15/G15,0) -> 0 | L15: =H15*G15 -> 0 | M15: =IFERROR((VLOOKUP(F15,'Veri Sayfası - 2'!B19:D28,3,0)),0) -> 0 | N15: =IFERROR((ROUNDUP(B15/100,0)*M15*G15),0) -> 0 | O15: =IF(AND(D15="ISICAM",F15="2+2"),G15,IF(AND(D15="ISICAM",F15="3+3"),G15,IF(AND(D15="ISICAM",F15="4+4"),G15,IF(AND(D15="ISICAM",F15="5+5"),G15,0)))) -> 0 | P15: =IFERROR((IF(OR(E15="5'Lİ RAY ÇERÇEVESİZ",E15="3'LÜ RAY ÇERÇEVESİZ"),G15*4*C15/100,(H15+4)*G15*C15/100)),0) -> 0 | Q15: =M15*B15*G15/100 -> 0 | R15: =IF(OR(F15="2",F15="3",F15="4",F15="5"),G15*C15*2*$R$12/100,G15*C15*4*$R$12/100) -> 0 | S15: =IF(E15="3'LÜ RAY",2*G15,IF(E15="3'LÜ RAY ÇERÇEVESİZ",2*G15,0)) -> 0 | T15: =IF(E15="5'Lİ RAY",2*G15,IF(E15="5'Lİ RAY ÇERÇEVESİZ",2*G15,0)) -> 0 | U15: =IF(AND(D15="TEKCAM",F15="2+2"),G15,IF(AND(D15="TEKCAM",F15="3+3"),G15,IF(AND(D15="TEKCAM",F15="4+4"),G15,IF(AND(D15="TEKCAM",F15="5+5"),G15,0)))) -> 0 | V15: =IF(OR(E15="5'Lİ RAY ÇERÇEVESİZ",E15="3'LÜ RAY ÇERÇEVESİZ"),(K15*2-2)*G15,0) -> 0 | W15: =IF(OR(E15="5'Lİ RAY ÇERÇEVESİZ",E15="3'LÜ RAY ÇERÇEVESİZ"),(K15*2-2)*G15*C15/100,0) -> 0
A16: ='ANA SAYFA'!A15 -> POZ 3 | B16: ='ANA SAYFA'!B15 -> 0 | C16: ='ANA SAYFA'!C15 -> 0 | D16: ='ANA SAYFA'!D15 -> TEKCAM | E16: ='ANA SAYFA'!E15 -> 3'LÜ RAY | F16: ='ANA SAYFA'!F15 -> 0 | G16: ='ANA SAYFA'!G15 -> 0 | H16: =IFERROR(VLOOKUP(F16,'Veri Sayfası - 2'!B20:E29,4,0),0) -> 0 | I16: ='ANA SAYFA'!I15 -> YOK | J16: =IFERROR((VLOOKUP(F16,'Veri Sayfası - 2'!B20:C29,2)*G16),0) -> 0 | K16: =IFERROR(J16/G16,0) -> 0 | L16: =H16*G16 -> 0 | M16: =IFERROR((VLOOKUP(F16,'Veri Sayfası - 2'!B20:D29,3,0)),0) -> 0 | N16: =IFERROR((ROUNDUP(B16/100,0)*M16*G16),0) -> 0 | O16: =IF(AND(D16="ISICAM",F16="2+2"),G16,IF(AND(D16="ISICAM",F16="3+3"),G16,IF(AND(D16="ISICAM",F16="4+4"),G16,IF(AND(D16="ISICAM",F16="5+5"),G16,0)))) -> 0 | P16: =IFERROR((IF(OR(E16="5'Lİ RAY ÇERÇEVESİZ",E16="3'LÜ RAY ÇERÇEVESİZ"),G16*4*C16/100,(H16+4)*G16*C16/100)),0) -> 0 | Q16: =M16*B16*G16/100 -> 0 | R16: =IF(OR(F16="2",F16="3",F16="4",F16="5"),G16*C16*2*$R$12/100,G16*C16*4*$R$12/100) -> 0 | S16: =IF(E16="3'LÜ RAY",2*G16,IF(E16="3'LÜ RAY ÇERÇEVESİZ",2*G16,0)) -> 0 | T16: =IF(E16="5'Lİ RAY",2*G16,IF(E16="5'Lİ RAY ÇERÇEVESİZ",2*G16,0)) -> 0 | U16: =IF(AND(D16="TEKCAM",F16="2+2"),G16,IF(AND(D16="TEKCAM",F16="3+3"),G16,IF(AND(D16="TEKCAM",F16="4+4"),G16,IF(AND(D16="TEKCAM",F16="5+5"),G16,0)))) -> 0 | V16: =IF(OR(E16="5'Lİ RAY ÇERÇEVESİZ",E16="3'LÜ RAY ÇERÇEVESİZ"),(K16*2-2)*G16,0) -> 0 | W16: =IF(OR(E16="5'Lİ RAY ÇERÇEVESİZ",E16="3'LÜ RAY ÇERÇEVESİZ"),(K16*2-2)*G16*C16/100,0) -> 0
A17: ='ANA SAYFA'!A16 -> POZ 4 | B17: ='ANA SAYFA'!B16 -> 0 | C17: ='ANA SAYFA'!C16 -> 0 | D17: ='ANA SAYFA'!D16 -> TEKCAM | E17: ='ANA SAYFA'!E16 -> 3'LÜ RAY | F17: ='ANA SAYFA'!F16 -> 0 | G17: ='ANA SAYFA'!G16 -> 0 | H17: =IFERROR(VLOOKUP(F17,'Veri Sayfası - 2'!B21:E30,4,0),0) -> 0 | I17: ='ANA SAYFA'!I16 -> YOK | J17: =IFERROR((VLOOKUP(F17,'Veri Sayfası - 2'!B21:C30,2)*G17),0) -> 0 | K17: =IFERROR(J17/G17,0) -> 0 | L17: =H17*G17 -> 0 | M17: =IFERROR((VLOOKUP(F17,'Veri Sayfası - 2'!B21:D30,3,0)),0) -> 0 | N17: =IFERROR((ROUNDUP(B17/100,0)*M17*G17),0) -> 0 | O17: =IF(AND(D17="ISICAM",F17="2+2"),G17,IF(AND(D17="ISICAM",F17="3+3"),G17,IF(AND(D17="ISICAM",F17="4+4"),G17,IF(AND(D17="ISICAM",F17="5+5"),G17,0)))) -> 0 | P17: =IFERROR((IF(OR(E17="5'Lİ RAY ÇERÇEVESİZ",E17="3'LÜ RAY ÇERÇEVESİZ"),G17*4*C17/100,(H17+4)*G17*C17/100)),0) -> 0 | Q17: =M17*B17*G17/100 -> 0 | R17: =IF(OR(F17="2",F17="3",F17="4",F17="5"),G17*C17*2*$R$12/100,G17*C17*4*$R$12/100) -> 0 | S17: =IF(E17="3'LÜ RAY",2*G17,IF(E17="3'LÜ RAY ÇERÇEVESİZ",2*G17,0)) -> 0 | T17: =IF(E17="5'Lİ RAY",2*G17,IF(E17="5'Lİ RAY ÇERÇEVESİZ",2*G17,0)) -> 0 | U17: =IF(AND(D17="TEKCAM",F17="2+2"),G17,IF(AND(D17="TEKCAM",F17="3+3"),G17,IF(AND(D17="TEKCAM",F17="4+4"),G17,IF(AND(D17="TEKCAM",F17="5+5"),G17,0)))) -> 0 | V17: =IF(OR(E17="5'Lİ RAY ÇERÇEVESİZ",E17="3'LÜ RAY ÇERÇEVESİZ"),(K17*2-2)*G17,0) -> 0 | W17: =IF(OR(E17="5'Lİ RAY ÇERÇEVESİZ",E17="3'LÜ RAY ÇERÇEVESİZ"),(K17*2-2)*G17*C17/100,0) -> 0
A18: ='ANA SAYFA'!A17 -> POZ 5 | B18: ='ANA SAYFA'!B17 -> 0 | C18: ='ANA SAYFA'!C17 -> 0 | D18: ='ANA SAYFA'!D17 -> TEKCAM | E18: ='ANA SAYFA'!E17 -> 3'LÜ RAY | F18: ='ANA SAYFA'!F17 -> 0 | G18: ='ANA SAYFA'!G17 -> 0 | H18: =IFERROR(VLOOKUP(F18,'Veri Sayfası - 2'!B22:E31,4,0),0) -> 0 | I18: ='ANA SAYFA'!I17 -> YOK | J18: =IFERROR((VLOOKUP(F18,'Veri Sayfası - 2'!B22:C31,2)*G18),0) -> 0 | K18: =IFERROR(J18/G18,0) -> 0 | L18: =H18*G18 -> 0 | M18: =IFERROR((VLOOKUP(F18,'Veri Sayfası - 2'!B22:D31,3,0)),0) -> 0 | N18: =IFERROR((ROUNDUP(B18/100,0)*M18*G18),0) -> 0 | O18: =IF(AND(D18="ISICAM",F18="2+2"),G18,IF(AND(D18="ISICAM",F18="3+3"),G18,IF(AND(D18="ISICAM",F18="4+4"),G18,IF(AND(D18="ISICAM",F18="5+5"),G18,0)))) -> 0 | P18: =IFERROR((IF(OR(E18="5'Lİ RAY ÇERÇEVESİZ",E18="3'LÜ RAY ÇERÇEVESİZ"),G18*4*C18/100,(H18+4)*G18*C18/100)),0) -> 0 | Q18: =M18*B18*G18/100 -> 0 | R18: =IF(OR(F18="2",F18="3",F18="4",F18="5"),G18*C18*2*$R$12/100,G18*C18*4*$R$12/100) -> 0 | S18: =IF(E18="3'LÜ RAY",2*G18,IF(E18="3'LÜ RAY ÇERÇEVESİZ",2*G18,0)) -> 0 | T18: =IF(E18="5'Lİ RAY",2*G18,IF(E18="5'Lİ RAY ÇERÇEVESİZ",2*G18,0)) -> 0 | U18: =IF(AND(D18="TEKCAM",F18="2+2"),G18,IF(AND(D18="TEKCAM",F18="3+3"),G18,IF(AND(D18="TEKCAM",F18="4+4"),G18,IF(AND(D18="TEKCAM",F18="5+5"),G18,0)))) -> 0 | V18: =IF(OR(E18="5'Lİ RAY ÇERÇEVESİZ",E18="3'LÜ RAY ÇERÇEVESİZ"),(K18*2-2)*G18,0) -> 0 | W18: =IF(OR(E18="5'Lİ RAY ÇERÇEVESİZ",E18="3'LÜ RAY ÇERÇEVESİZ"),(K18*2-2)*G18*C18/100,0) -> 0
A19: ='ANA SAYFA'!A18 -> POZ 6 | B19: ='ANA SAYFA'!B18 -> 0 | C19: ='ANA SAYFA'!C18 -> 0 | D19: ='ANA SAYFA'!D18 -> TEKCAM | E19: ='ANA SAYFA'!E18 -> 3'LÜ RAY | F19: ='ANA SAYFA'!F18 -> 0 | G19: ='ANA SAYFA'!G18 -> 0 | H19: =IFERROR(VLOOKUP(F19,'Veri Sayfası - 2'!B23:E32,4,0),0) -> 0 | I19: ='ANA SAYFA'!I18 -> YOK | J19: =IFERROR((VLOOKUP(F19,'Veri Sayfası - 2'!B23:C32,2)*G19),0) -> 0 | K19: =IFERROR(J19/G19,0) -> 0 | L19: =H19*G19 -> 0 | M19: =IFERROR((VLOOKUP(F19,'Veri Sayfası - 2'!B23:D32,3,0)),0) -> 0 | N19: =IFERROR((ROUNDUP(B19/100,0)*M19*G19),0) -> 0 | O19: =IF(AND(D19="ISICAM",F19="2+2"),G19,IF(AND(D19="ISICAM",F19="3+3"),G19,IF(AND(D19="ISICAM",F19="4+4"),G19,IF(AND(D19="ISICAM",F19="5+5"),G19,0)))) -> 0 | P19: =IFERROR((IF(OR(E19="5'Lİ RAY ÇERÇEVESİZ",E19="3'LÜ RAY ÇERÇEVESİZ"),G19*4*C19/100,(H19+4)*G19*C19/100)),0) -> 0 | Q19: =M19*B19*G19/100 -> 0 | R19: =IF(OR(F19="2",F19="3",F19="4",F19="5"),G19*C19*2*$R$12/100,G19*C19*4*$R$12/100) -> 0 | S19: =IF(E19="3'LÜ RAY",2*G19,IF(E19="3'LÜ RAY ÇERÇEVESİZ",2*G19,0)) -> 0 | T19: =IF(E19="5'Lİ RAY",2*G19,IF(E19="5'Lİ RAY ÇERÇEVESİZ",2*G19,0)) -> 0 | U19: =IF(AND(D19="TEKCAM",F19="2+2"),G19,IF(AND(D19="TEKCAM",F19="3+3"),G19,IF(AND(D19="TEKCAM",F19="4+4"),G19,IF(AND(D19="TEKCAM",F19="5+5"),G19,0)))) -> 0 | V19: =IF(OR(E19="5'Lİ RAY ÇERÇEVESİZ",E19="3'LÜ RAY ÇERÇEVESİZ"),(K19*2-2)*G19,0) -> 0 | W19: =IF(OR(E19="5'Lİ RAY ÇERÇEVESİZ",E19="3'LÜ RAY ÇERÇEVESİZ"),(K19*2-2)*G19*C19/100,0) -> 0
A20: ='ANA SAYFA'!A19 -> POZ 7 | B20: ='ANA SAYFA'!B19 -> 0 | C20: ='ANA SAYFA'!C19 -> 0 | D20: ='ANA SAYFA'!D19 -> TEKCAM | E20: ='ANA SAYFA'!E19 -> 3'LÜ RAY | F20: ='ANA SAYFA'!F19 -> 0 | G20: ='ANA SAYFA'!G19 -> 0 | H20: =IFERROR(VLOOKUP(F20,'Veri Sayfası - 2'!B24:E33,4,0),0) -> 0 | I20: ='ANA SAYFA'!I19 -> YOK | J20: =IFERROR((VLOOKUP(F20,'Veri Sayfası - 2'!B24:C33,2)*G20),0) -> 0 | K20: =IFERROR(J20/G20,0) -> 0 | L20: =H20*G20 -> 0 | M20: =IFERROR((VLOOKUP(F20,'Veri Sayfası - 2'!B24:D33,3,0)),0) -> 0 | N20: =IFERROR((ROUNDUP(B20/100,0)*M20*G20),0) -> 0 | O20: =IF(AND(D20="ISICAM",F20="2+2"),G20,IF(AND(D20="ISICAM",F20="3+3"),G20,IF(AND(D20="ISICAM",F20="4+4"),G20,IF(AND(D20="ISICAM",F20="5+5"),G20,0)))) -> 0 | P20: =IFERROR((IF(OR(E20="5'Lİ RAY ÇERÇEVESİZ",E20="3'LÜ RAY ÇERÇEVESİZ"),G20*4*C20/100,(H20+4)*G20*C20/100)),0) -> 0 | Q20: =M20*B20*G20/100 -> 0 | R20: =IF(OR(F20="2",F20="3",F20="4",F20="5"),G20*C20*2*$R$12/100,G20*C20*4*$R$12/100) -> 0 | S20: =IF(E20="3'LÜ RAY",2*G20,IF(E20="3'LÜ RAY ÇERÇEVESİZ",2*G20,0)) -> 0 | T20: =IF(E20="5'Lİ RAY",2*G20,IF(E20="5'Lİ RAY ÇERÇEVESİZ",2*G20,0)) -> 0 | U20: =IF(AND(D20="TEKCAM",F20="2+2"),G20,IF(AND(D20="TEKCAM",F20="3+3"),G20,IF(AND(D20="TEKCAM",F20="4+4"),G20,IF(AND(D20="TEKCAM",F20="5+5"),G20,0)))) -> 0 | V20: =IF(OR(E20="5'Lİ RAY ÇERÇEVESİZ",E20="3'LÜ RAY ÇERÇEVESİZ"),(K20*2-2)*G20,0) -> 0 | W20: =IF(OR(E20="5'Lİ RAY ÇERÇEVESİZ",E20="3'LÜ RAY ÇERÇEVESİZ"),(K20*2-2)*G20*C20/100,0) -> 0
A21: ='ANA SAYFA'!A20 -> POZ 8 | B21: ='ANA SAYFA'!B20 -> 0 | C21: ='ANA SAYFA'!C20 -> 0 | D21: ='ANA SAYFA'!D20 -> TEKCAM | E21: ='ANA SAYFA'!E20 -> 3'LÜ RAY | F21: ='ANA SAYFA'!F20 -> 0 | G21: ='ANA SAYFA'!G20 -> 0 | H21: =IFERROR(VLOOKUP(F21,'Veri Sayfası - 2'!B25:E34,4,0),0) -> 0 | I21: ='ANA SAYFA'!I20 -> YOK | J21: =IFERROR((VLOOKUP(F21,'Veri Sayfası - 2'!B25:C34,2)*G21),0) -> 0 | K21: =IFERROR(J21/G21,0) -> 0 | L21: =H21*G21 -> 0 | M21: =IFERROR((VLOOKUP(F21,'Veri Sayfası - 2'!B25:D34,3,0)),0) -> 0 | N21: =IFERROR((ROUNDUP(B21/100,0)*M21*G21),0) -> 0 | O21: =IF(AND(D21="ISICAM",F21="2+2"),G21,IF(AND(D21="ISICAM",F21="3+3"),G21,IF(AND(D21="ISICAM",F21="4+4"),G21,IF(AND(D21="ISICAM",F21="5+5"),G21,0)))) -> 0 | P21: =IFERROR((IF(OR(E21="5'Lİ RAY ÇERÇEVESİZ",E21="3'LÜ RAY ÇERÇEVESİZ"),G21*4*C21/100,(H21+4)*G21*C21/100)),0) -> 0 | Q21: =M21*B21*G21/100 -> 0 | R21: =IF(OR(F21="2",F21="3",F21="4",F21="5"),G21*C21*2*$R$12/100,G21*C21*4*$R$12/100) -> 0 | S21: =IF(E21="3'LÜ RAY",2*G21,IF(E21="3'LÜ RAY ÇERÇEVESİZ",2*G21,0)) -> 0 | T21: =IF(E21="5'Lİ RAY",2*G21,IF(E21="5'Lİ RAY ÇERÇEVESİZ",2*G21,0)) -> 0 | U21: =IF(AND(D21="TEKCAM",F21="2+2"),G21,IF(AND(D21="TEKCAM",F21="3+3"),G21,IF(AND(D21="TEKCAM",F21="4+4"),G21,IF(AND(D21="TEKCAM",F21="5+5"),G21,0)))) -> 0 | V21: =IF(OR(E21="5'Lİ RAY ÇERÇEVESİZ",E21="3'LÜ RAY ÇERÇEVESİZ"),(K21*2-2)*G21,0) -> 0 | W21: =IF(OR(E21="5'Lİ RAY ÇERÇEVESİZ",E21="3'LÜ RAY ÇERÇEVESİZ"),(K21*2-2)*G21*C21/100,0) -> 0
A22: ='ANA SAYFA'!A21 -> POZ 9 | B22: ='ANA SAYFA'!B21 -> 0 | C22: ='ANA SAYFA'!C21 -> 0 | D22: ='ANA SAYFA'!D21 -> TEKCAM | E22: ='ANA SAYFA'!E21 -> 3'LÜ RAY | F22: ='ANA SAYFA'!F21 -> 0 | G22: ='ANA SAYFA'!G21 -> 0 | H22: =IFERROR(VLOOKUP(F22,'Veri Sayfası - 2'!B26:E35,4,0),0) -> 0 | I22: ='ANA SAYFA'!I21 -> YOK | J22: =IFERROR((VLOOKUP(F22,'Veri Sayfası - 2'!B26:C35,2)*G22),0) -> 0 | K22: =IFERROR(J22/G22,0) -> 0 | L22: =H22*G22 -> 0 | M22: =IFERROR((VLOOKUP(F22,'Veri Sayfası - 2'!B26:D35,3,0)),0) -> 0 | N22: =IFERROR((ROUNDUP(B22/100,0)*M22*G22),0) -> 0 | O22: =IF(AND(D22="ISICAM",F22="2+2"),G22,IF(AND(D22="ISICAM",F22="3+3"),G22,IF(AND(D22="ISICAM",F22="4+4"),G22,IF(AND(D22="ISICAM",F22="5+5"),G22,0)))) -> 0 | P22: =IFERROR((IF(OR(E22="5'Lİ RAY ÇERÇEVESİZ",E22="3'LÜ RAY ÇERÇEVESİZ"),G22*4*C22/100,(H22+4)*G22*C22/100)),0) -> 0 | Q22: =M22*B22*G22/100 -> 0 | R22: =IF(OR(F22="2",F22="3",F22="4",F22="5"),G22*C22*2*$R$12/100,G22*C22*4*$R$12/100) -> 0 | S22: =IF(E22="3'LÜ RAY",2*G22,IF(E22="3'LÜ RAY ÇERÇEVESİZ",2*G22,0)) -> 0 | T22: =IF(E22="5'Lİ RAY",2*G22,IF(E22="5'Lİ RAY ÇERÇEVESİZ",2*G22,0)) -> 0 | U22: =IF(AND(D22="TEKCAM",F22="2+2"),G22,IF(AND(D22="TEKCAM",F22="3+3"),G22,IF(AND(D22="TEKCAM",F22="4+4"),G22,IF(AND(D22="TEKCAM",F22="5+5"),G22,0)))) -> 0 | V22: =IF(OR(E22="5'Lİ RAY ÇERÇEVESİZ",E22="3'LÜ RAY ÇERÇEVESİZ"),(K22*2-2)*G22,0) -> 0 | W22: =IF(OR(E22="5'Lİ RAY ÇERÇEVESİZ",E22="3'LÜ RAY ÇERÇEVESİZ"),(K22*2-2)*G22*C22/100,0) -> 0
A23: ='ANA SAYFA'!A22 -> POZ 10 | B23: ='ANA SAYFA'!B22 -> 0 | C23: ='ANA SAYFA'!C22 -> 0 | D23: ='ANA SAYFA'!D22 -> TEKCAM | E23: ='ANA SAYFA'!E22 -> 3'LÜ RAY | F23: ='ANA SAYFA'!F22 -> 0 | G23: ='ANA SAYFA'!G22 -> 0 | H23: =IFERROR(VLOOKUP(F23,'Veri Sayfası - 2'!B27:E36,4,0),0) -> 0 | I23: ='ANA SAYFA'!I22 -> YOK | J23: =IFERROR((VLOOKUP(F23,'Veri Sayfası - 2'!B27:C36,2)*G23),0) -> 0 | K23: =IFERROR(J23/G23,0) -> 0 | L23: =H23*G23 -> 0 | M23: =IFERROR((VLOOKUP(F23,'Veri Sayfası - 2'!B27:D36,3,0)),0) -> 0 | N23: =IFERROR((ROUNDUP(B23/100,0)*M23*G23),0) -> 0 | O23: =IF(AND(D23="ISICAM",F23="2+2"),G23,IF(AND(D23="ISICAM",F23="3+3"),G23,IF(AND(D23="ISICAM",F23="4+4"),G23,IF(AND(D23="ISICAM",F23="5+5"),G23,0)))) -> 0 | P23: =IFERROR((IF(OR(E23="5'Lİ RAY ÇERÇEVESİZ",E23="3'LÜ RAY ÇERÇEVESİZ"),G23*4*C23/100,(H23+4)*G23*C23/100)),0) -> 0 | Q23: =M23*B23*G23/100 -> 0 | R23: =IF(OR(F23="2",F23="3",F23="4",F23="5"),G23*C23*2*$R$12/100,G23*C23*4*$R$12/100) -> 0 | S23: =IF(E23="3'LÜ RAY",2*G23,IF(E23="3'LÜ RAY ÇERÇEVESİZ",2*G23,0)) -> 0 | T23: =IF(E23="5'Lİ RAY",2*G23,IF(E23="5'Lİ RAY ÇERÇEVESİZ",2*G23,0)) -> 0 | U23: =IF(AND(D23="TEKCAM",F23="2+2"),G23,IF(AND(D23="TEKCAM",F23="3+3"),G23,IF(AND(D23="TEKCAM",F23="4+4"),G23,IF(AND(D23="TEKCAM",F23="5+5"),G23,0)))) -> 0 | V23: =IF(OR(E23="5'Lİ RAY ÇERÇEVESİZ",E23="3'LÜ RAY ÇERÇEVESİZ"),(K23*2-2)*G23,0) -> 0 | W23: =IF(OR(E23="5'Lİ RAY ÇERÇEVESİZ",E23="3'LÜ RAY ÇERÇEVESİZ"),(K23*2-2)*G23*C23/100,0) -> 0
A24: ='ANA SAYFA'!A23 -> POZ 11 | B24: ='ANA SAYFA'!B23 -> 0 | C24: ='ANA SAYFA'!C23 -> 0 | D24: ='ANA SAYFA'!D23 -> TEKCAM | E24: ='ANA SAYFA'!E23 -> 3'LÜ RAY | F24: ='ANA SAYFA'!F23 -> 0 | G24: ='ANA SAYFA'!G23 -> 0 | H24: =IFERROR(VLOOKUP(F24,'Veri Sayfası - 2'!B28:E37,4,0),0) -> 0 | I24: ='ANA SAYFA'!I23 -> YOK | J24: =IFERROR((VLOOKUP(F24,'Veri Sayfası - 2'!B28:C37,2)*G24),0) -> 0 | K24: =IFERROR(J24/G24,0) -> 0 | L24: =H24*G24 -> 0 | M24: =IFERROR((VLOOKUP(F24,'Veri Sayfası - 2'!B28:D37,3,0)),0) -> 0 | N24: =IFERROR((ROUNDUP(B24/100,0)*M24*G24),0) -> 0 | O24: =IF(AND(D24="ISICAM",F24="2+2"),G24,IF(AND(D24="ISICAM",F24="3+3"),G24,IF(AND(D24="ISICAM",F24="4+4"),G24,IF(AND(D24="ISICAM",F24="5+5"),G24,0)))) -> 0 | P24: =IFERROR((IF(OR(E24="5'Lİ RAY ÇERÇEVESİZ",E24="3'LÜ RAY ÇERÇEVESİZ"),G24*4*C24/100,(H24+4)*G24*C24/100)),0) -> 0 | Q24: =M24*B24*G24/100 -> 0 | R24: =IF(OR(F24="2",F24="3",F24="4",F24="5"),G24*C24*2*$R$12/100,G24*C24*4*$R$12/100) -> 0 | S24: =IF(E24="3'LÜ RAY",2*G24,IF(E24="3'LÜ RAY ÇERÇEVESİZ",2*G24,0)) -> 0 | T24: =IF(E24="5'Lİ RAY",2*G24,IF(E24="5'Lİ RAY ÇERÇEVESİZ",2*G24,0)) -> 0 | U24: =IF(AND(D24="TEKCAM",F24="2+2"),G24,IF(AND(D24="TEKCAM",F24="3+3"),G24,IF(AND(D24="TEKCAM",F24="4+4"),G24,IF(AND(D24="TEKCAM",F24="5+5"),G24,0)))) -> 0 | V24: =IF(OR(E24="5'Lİ RAY ÇERÇEVESİZ",E24="3'LÜ RAY ÇERÇEVESİZ"),(K24*2-2)*G24,0) -> 0 | W24: =IF(OR(E24="5'Lİ RAY ÇERÇEVESİZ",E24="3'LÜ RAY ÇERÇEVESİZ"),(K24*2-2)*G24*C24/100,0) -> 0
A25: ='ANA SAYFA'!A24 -> POZ 12 | B25: ='ANA SAYFA'!B24 -> 0 | C25: ='ANA SAYFA'!C24 -> 0 | D25: ='ANA SAYFA'!D24 -> TEKCAM | E25: ='ANA SAYFA'!E24 -> 3'LÜ RAY | F25: ='ANA SAYFA'!F24 -> 0 | G25: ='ANA SAYFA'!G24 -> 0 | H25: =IFERROR(VLOOKUP(F25,'Veri Sayfası - 2'!B29:E38,4,0),0) -> 0 | I25: ='ANA SAYFA'!I24 -> YOK | J25: =IFERROR((VLOOKUP(F25,'Veri Sayfası - 2'!B29:C38,2)*G25),0) -> 0 | K25: =IFERROR(J25/G25,0) -> 0 | L25: =H25*G25 -> 0 | M25: =IFERROR((VLOOKUP(F25,'Veri Sayfası - 2'!B29:D38,3,0)),0) -> 0 | N25: =IFERROR((ROUNDUP(B25/100,0)*M25*G25),0) -> 0 | O25: =IF(AND(D25="ISICAM",F25="2+2"),G25,IF(AND(D25="ISICAM",F25="3+3"),G25,IF(AND(D25="ISICAM",F25="4+4"),G25,IF(AND(D25="ISICAM",F25="5+5"),G25,0)))) -> 0 | P25: =IFERROR((IF(OR(E25="5'Lİ RAY ÇERÇEVESİZ",E25="3'LÜ RAY ÇERÇEVESİZ"),G25*4*C25/100,(H25+4)*G25*C25/100)),0) -> 0 | Q25: =M25*B25*G25/100 -> 0 | R25: =IF(OR(F25="2",F25="3",F25="4",F25="5"),G25*C25*2*$R$12/100,G25*C25*4*$R$12/100) -> 0 | S25: =IF(E25="3'LÜ RAY",2*G25,IF(E25="3'LÜ RAY ÇERÇEVESİZ",2*G25,0)) -> 0 | T25: =IF(E25="5'Lİ RAY",2*G25,IF(E25="5'Lİ RAY ÇERÇEVESİZ",2*G25,0)) -> 0 | U25: =IF(AND(D25="TEKCAM",F25="2+2"),G25,IF(AND(D25="TEKCAM",F25="3+3"),G25,IF(AND(D25="TEKCAM",F25="4+4"),G25,IF(AND(D25="TEKCAM",F25="5+5"),G25,0)))) -> 0 | V25: =IF(OR(E25="5'Lİ RAY ÇERÇEVESİZ",E25="3'LÜ RAY ÇERÇEVESİZ"),(K25*2-2)*G25,0) -> 0 | W25: =IF(OR(E25="5'Lİ RAY ÇERÇEVESİZ",E25="3'LÜ RAY ÇERÇEVESİZ"),(K25*2-2)*G25*C25/100,0) -> 0
... A43: ='ANA SAYFA'!A42 -> POZ 30 | B43: ='ANA SAYFA'!B42 -> 0 | C43: ='ANA SAYFA'!C42 -> 0 | D43: ='ANA SAYFA'!D42 -> TEKCAM | E43: ='ANA SAYFA'!E42 -> 3'LÜ RAY | F43: ='ANA SAYFA'!F42 -> 0 | G43: ='ANA SAYFA'!G42 -> 0 | H43: =IFERROR(VLOOKUP(F43,'Veri Sayfası - 2'!B47:E56,4,0),0) -> 0 | I43: ='ANA SAYFA'!I42 -> YOK | J43: =IFERROR((VLOOKUP(F43,'Veri Sayfası - 2'!B47:C56,2)*G43),0) -> 0 | K43: =IFERROR(J43/G43,0) -> 0 | L43: =H43*G43 -> 0 | M43: =IFERROR((VLOOKUP(F43,'Veri Sayfası - 2'!B47:D56,3,0)),0) -> 0 | N43: =IFERROR((ROUNDUP(B43/100,0)*M43*G43),0) -> 0 | O43: =IF(AND(D43="ISICAM",F43="2+2"),G43,IF(AND(D43="ISICAM",F43="3+3"),G43,IF(AND(D43="ISICAM",F43="4+4"),G43,IF(AND(D43="ISICAM",F43="5+5"),G43,0)))) -> 0 | P43: =IFERROR((IF(OR(E43="5'Lİ RAY ÇERÇEVESİZ",E43="3'LÜ RAY ÇERÇEVESİZ"),G43*4*C43/100,(H43+4)*G43*C43/100)),0) -> 0 | Q43: =M43*B43*G43/100 -> 0 | R43: =IF(OR(F43="2",F43="3",F43="4",F43="5"),G43*C43*2*$R$12/100,G43*C43*4*$R$12/100) -> 0 | S43: =IF(E43="3'LÜ RAY",2*G43,IF(E43="3'LÜ RAY ÇERÇEVESİZ",2*G43,0)) -> 0 | T43: =IF(E43="5'Lİ RAY",2*G43,IF(E43="5'Lİ RAY ÇERÇEVESİZ",2*G43,0)) -> 0 | U43: =IF(AND(D43="TEKCAM",F43="2+2"),G43,IF(AND(D43="TEKCAM",F43="3+3"),G43,IF(AND(D43="TEKCAM",F43="4+4"),G43,IF(AND(D43="TEKCAM",F43="5+5"),G43,0)))) -> 0 | V43: =IF(OR(E43="5'Lİ RAY ÇERÇEVESİZ",E43="3'LÜ RAY ÇERÇEVESİZ"),(K43*2-2)*G43,0) -> 0 | W43: =IF(OR(E43="5'Lİ RAY ÇERÇEVESİZ",E43="3'LÜ RAY ÇERÇEVESİZ"),(K43*2-2)*G43*C43/100,0) -> 0
G44: =SUM(G14:G43) -> 1
J47: PANEL SAYISI GENEL TOPLAM | K47: SİSTEM SAYISI TOPLAM | L47: ALT ORTA TOPLAM | N47: RAY TOPLAM (M)
G48: ISICAM | I48: 5'Lİ RAY | J48: =SUMIFS($J$14:$J$43,$D$14:$D$43,"ISICAM",$E$14:$E$43,'Veri Sayfası - 2'!B12) -> 0 | K48: =SUMIFS($G$14:$G$43,$D$14:$D$43,"ISICAM") -> 0 | L48: =SUMIFS($L$14:$L$43,$D$14:$D$43,"ISICAM") -> 0 | N48: =SUMIFS($N$14:$N$43,$D$14:$D$43,"ISICAM") -> 0
I49: 4'LÜ RAY | J49: =SUMIFS($J$14:$J$43,$D$14:$D$43,"ISICAM",$E$14:$E$43,'Veri Sayfası - 2'!B13) -> 0
I50: 3'LÜ RAY | J50: =SUMIFS($J$14:$J$43,$D$14:$D$43,"ISICAM",$E$14:$E$43,'Veri Sayfası - 2'!B14) -> 0
I51: 5'Lİ RAY ÇERÇEVESİZ | J51: =SUMIFS($J$14:$J$43,$D$14:$D$43,"ISICAM",$E$14:$E$43,'Veri Sayfası - 2'!B15) -> 0
I52: 3'LÜ RAY ÇERÇEVESİZ | J52: =SUMIFS($J$14:$J$43,$D$14:$D$43,"ISICAM",$E$14:$E$43,'Veri Sayfası - 2'!B16) -> 0
G53: TEKCAM | I53: 5'Lİ RAY | J53: =SUMIFS($J$14:$J$43,$D$14:$D$43,"TEKCAM",$E$14:$E$43,'Veri Sayfası - 2'!B12) -> 0 | K53: =SUMIFS($G$14:$G$43,$D$14:$D$43,"TEKCAM") -> 1 | L53: =SUMIFS($L$14:$L$43,$D$14:$D$43,"TEKCAM") -> 4 | N53: =SUMIFS($N$14:$N$43,$D$14:$D$43,"TEKCAM") -> 0
I54: 4'LÜ RAY | J54: =SUMIFS($J$14:$J$43,$D$14:$D$43,"TEKCAM",$E$14:$E$43,'Veri Sayfası - 2'!B13) -> 0
I55: 3'LÜ RAY | J55: =SUMIFS($J$14:$J$43,$D$14:$D$43,"TEKCAM",$E$14:$E$43,'Veri Sayfası - 2'!B14) -> 3
I56: 5'Lİ RAY ÇERÇEVESİZ | J56: =SUMIFS($J$14:$J$43,$D$14:$D$43,"TEKCAM",$E$14:$E$43,'Veri Sayfası - 2'!B15) -> 0
I57: 3'LÜ RAY ÇERÇEVESİZ | J57: =SUMIFS($J$14:$J$43,$D$14:$D$43,"TEKCAM",$E$14:$E$43,'Veri Sayfası - 2'!B16) -> 0
J59: TÜM TOPLAM | O59: TOPLAM | P59: TOPLAM | Q59: TOPLAM | R59: TOPLAM | S59: TOPLAM | T59: TOPLAM | U59: TOPLAM | V59: TOPLAM | W59: TOPLAM
G60: ISICAM | J60: =SUM(J48:J52) -> 0 | O60: =SUM(O14:O43) -> 0 | P60: =SUM(P14:P43) -> 0 | Q60: =SUM(Q14:Q43) -> 0 | R60: =ROUNDUP(SUM(R14:R43),2) -> 0 | S60: =ROUNDUP(SUM(S14:S43),2) -> 2 | T60: =ROUNDUP(SUM(T14:T43),2) -> 0 | U60: =ROUNDUP(SUM(U14:U43),2) -> 0 | V60: =ROUNDUP(SUM(V14:V43),2) -> 0 | W60: =ROUNDUP(SUM(W14:W43),2) -> 0
G61: TEKCAM | J61: =SUM(J53:J57) -> 3
I63: TOPLAM | J63: =SUM(J60:J61) -> 3

Sheet Veri Sayfası - 2
B2: AYTUĞ KILINÇ | D2: ŞABAN KÖSE
B3: BATUKAN TAŞ | D3: HÜSEYİN GÖKHAN MENÇİ
B4: İBRAHİM KARADENİZ | D4: YASİN BAYRAMLI
B5: MEHMET YILDIZ
B6: İBRAHİM ÖZTÜRK
B8: TEKCAM
B9: ISICAM
B12: 5'Lİ RAY
B13: 4'LÜ RAY
B14: 3'LÜ RAY
B15: 5'Lİ RAY ÇERÇEVESİZ
B16: 3'LÜ RAY ÇERÇEVESİZ
B18: PANEL SAYISI | C18: TOPLAM PANEL | D18: SÜRME METAL KIZAK SIRA SAYISI | E18: KIL FİTİL VE PANO HESABI
B20: 2 | C20: 2 | D20: 2 | E20: 2
B21: 3 | C21: 3 | D21: 3 | E21: 4
B22: 4 | C22: 4 | D22: 4 | E22: 6
B23: 5 | C23: 5 | D23: 5 | E23: 8
B24: 2+2 | C24: 4 | D24: 2 | E24: 4
B25: 3+3 | C25: 6 | D25: 3 | E25: 8
B26: 4+4 | C26: 8 | D26: 4 | E26: 12
B27: 5+5 | C27: 10 | D27: 5 | E27: 16

Sheet TASLAK MALİYET
E1: KULLANILAN MİKTAR
B2: EM07300010 | C2: SÜRME MERKEZLEME | D2: AD | E2: ='Veri Sayfası - 1'!J60*4+'Veri Sayfası - 1'!J61*2 -> 6
B3: EM07300011 | C3: SÜRME TEKERİ ÇİFTLİ | D3: AD | E3: ='Veri Sayfası - 1'!J63*2 -> 6
B4: EM06100145 | C4: SÜRME DİKME ALT KAPAK PLASTİK | D4: AD | E4: ='Veri Sayfası - 1'!G44*2 -> 2
B5: EM06100146 | C5: ISI CAM SÜRME SU TAHLİYE PLASTİK | D5: AD | E5: ='Veri Sayfası - 1'!K48*2 -> 0
B6: EM06100147 | C6: ISI CAM SÜRME ALT ORTA PLASTİK | D6: AD | E6: ='Veri Sayfası - 1'!L48 -> 0
B7: EM06100148 | C7: ISI CAM SÜRME ÜST ORTA PLASTİK | D7: AD | E7: ='Veri Sayfası - 1'!L48 -> 0
B8: EM06100149 | C8: ISI CAM SÜRME ALT KULP PLASTİK | D8: AD | E8: ='Veri Sayfası - 1'!K48*2 -> 0
B9: EM06100150 | C9: ISI CAM SÜRME ÜST KULP PLASTİK | D9: AD | E9: ='Veri Sayfası - 1'!K48*2 -> 0
B10: EM07100094 | C10: ISICAMLI SÜRME METAL KÖŞE | D10: AD | E10: ='Veri Sayfası - 1'!K48*2 -> 0
B11: EM07400007 | C11: SÜRME SÜRME RAY 6,50X250 | D11: MTR | E11: ='Veri Sayfası - 1'!N48+'Veri Sayfası - 1'!N53 -> 0
B12: EM07300017 | C12: Rotoline Secustik Pencere Kolu Titan 40 mm | D12: AD | E12: ='ANA SAYFA'!F2 -> 0
B13: EM07300022 | C13: Kilitli Kol | D13: AD | E13: ='ANA SAYFA'!F3 -> 0
B14: EM07300012 | C14: Gömme Kol Gri | D14: AD | E14: ='ANA SAYFA'!F4 -> 0
B15: EM07300027 | C15: NT T.A. İspanyolet 800 1P D15 | D15: AD | E15: =E12+E13+E14 -> 0
B16: EM07300024 | C16: NT GÖMME KARŞILIĞI | D16: AD | E16: =E15*2 -> 0
B17: EM06100159 | C17: ISICAMLI SÜRME ORTA BİRLEŞTİRME APARATI | D17: AD | E17: ='Veri Sayfası - 1'!O60 -> 0
B18: EM06300005 | C18: KIL FİTİL SÜRME 48X450 | D18: MTR | E18: ='Veri Sayfası - 1'!P60 -> 0
B19: EM06300010 | C19: KIL FİTİL SÜRME 67x550 | D19: MTR | E19: ='Veri Sayfası - 1'!Q60 -> 0
B20: EM06200039 | C20: SÜRME EPDM KAUÇUK FİTİL | D20: KGM | E20: ='Veri Sayfası - 1'!R60 -> 0
B21: EM09100003 | C21: HUUN FİX ALL HİGH TACK ŞEFFAF 290 ML | D21: AD | E21: ='Veri Sayfası - 1'!G44*3 -> 3
B22: EM06100151 | C22: TEK CAM SÜRME ALT ARA PLASTİK | D22: AD | E22: ='Veri Sayfası - 1'!L53 -> 4
B23: EM06100152 | C23: TEK CAM SÜRME ÜST ARA PLASTİK | D23: AD | E23: ='Veri Sayfası - 1'!L53 -> 4
B24: EM06100141 | C24: TEK CAM SÜRME ÜST KULP PLASTİL | D24: AD | E24: ='Veri Sayfası - 1'!K53*2 -> 2
B25: EM06100140 | C25: TEK CAM SÜRME ALT KULP PLASTİK | D25: AD | E25: ='Veri Sayfası - 1'!K53*2 -> 2
B26: EM06100153 | C26: TEK CAM SÜRME SU TAHLİYE PLASTİK | D26: AD | E26: ='Veri Sayfası - 1'!T60 -> 0
B27: EM06100142 | C27: SÜRME 3 LÜ SU TAHLİYESİ | D27: AD | E27: ='Veri Sayfası - 1'!S60 -> 2
B28: EM07100096 | C28: TEKCAM SÜRME KÖŞE SACI LAZER KESİM | D28: AD | E28: ='Veri Sayfası - 1'!T60 -> 0
B29: EM07100095 | C29: TEKCAM 3lü SÜRME KÖŞE SACI LAZER KESİM | D29: AD | E29: ='Veri Sayfası - 1'!S60 -> 2
B30: EM06100143 | C30: TEKCAM SÜRME ORTA BİRLEŞTİRME PLASTİĞİ | D30: TK | E30: ='Veri Sayfası - 1'!U60 -> 0
B31: EM07100097 | C31: ÇERÇEVESİZ SÜRME METAL KAPAK BOYALI | D31: AD | E31: ='Veri Sayfası - 1'!V60 -> 0
B32: EM06100144 | C32: 914.CB.R.2C Cam Balkon Profili 10 mm Şeffaf&#4 | D32: MTR | E32: ='Veri Sayfası - 1'!W60 -> 0
A33: VAR | B33: EM06100331 | C33: ALT EŞİK YAN KAPAK | D33: SET | E33: =SUMIF('Veri Sayfası - 1'!I14:I43,'TASLAK MALİYET'!A33,'Veri Sayfası - 1'!G14:G43) -> 1

Sheet 3 RAIL (3 PANEL) - POZ X
A1: POZ 1 | C1: HUUN SLIDING / SINGLE | H1: TARİH
C2: SINGLE GLASS (10mm) 3 PANEL CALC. | L2: ÜRETİM FORMU PANEL SAYISI | M2: HESAPLANAN POZUN PANEL SAYISI
C3: COUNTRY | D3: Company | E3: Project Name | F3: COLOR | H3: ='Veri Sayfası - 1'!C3 -> 46077
A4: SİSTEM SAYISI | C4: ='Veri Sayfası - 1'!C7 -> 0 | D4: ='Veri Sayfası - 1'!C8 -> 0 | E4: ='Veri Sayfası - 1'!C9 -> 0 | F4: ='Veri Sayfası - 1'!C11 -> 0
A5: =VLOOKUP(A1,'Veri Sayfası - 1'!A14:G43,7,0) -> 1 | C5: WIDTH (mm) | D5: =VLOOKUP(A1,'Veri Sayfası - 1'!A14:C43,2,0)*10 -> 0 | F5: NOTE: Measure is in millimeters | H5: HAZIRLAYAN | L5: 3 | M5: =VLOOKUP(A1,'Veri Sayfası - 1'!A14:F43,6,0) -> 3
C6: HEIGHT (mm) | D6: =IF(A35 = "ALT EŞİK PROFİLİ VAR",(VLOOKUP(A1,'Veri Sayfası - 1'!A14:C43,3,0)*10)-15,VLOOKUP(A1,'Veri Sayfası - 1'!A14:C43,3,0)*10) -> -15 | H6: ='Veri Sayfası - 1'!C4 -> 0
B8: HEIGHT mm | C8: =(D6-107) -> -122 | D8: =(D6-107) -> -122 | F8: =(D6-107) -> -122
B9: WIDTH mm | C9: =(D5-168)/3+1 -> -55 | D9: =(D5-86)/3+1 -> -27.666667 | F9: =C9 -> -55
L11: =IF(L5=M5," ","POZ NUMARASI YANLIŞ")
A12: M6332 | C12: ADET/PIECE | D12: BOY/LENGTH cm | F12: M6334 | H12: ADET/PIECE | I12: BOY/LENGTH cm
C13: =1*A5 -> 1 | D13: =(D5-110)/10 -> -11 | H13: =2*A5 -> 2 | I13: =(D6-4)/10 -> -1.9
A17: M6333 | C17: ADET/PIECE | D17: BOY/LENGTH cm | F17: 11574 | H17: ADET/PIECE | I17: BOY/LENGTH cm
C18: =1*A5 -> 1 | D18: =(D5-142)/10 -> -14.2 | H18: =1*A5 -> 1 | I18: =(C9-35.4)/10 -> -9.04 | J18: A
H19: =1*A5 -> 1 | I19: =(D9-30.8)/10 -> -5.8466667 | J19: B
H20: =1*A5 -> 1 | I20: =(F9-35.4)/10 -> -9.04 | J20: D
A21: M6305 | C21: ADET/PIECE | D21: BOY/LENGTH cm | F21: 11579-R2 | H21: ADET/PIECE | I21: BOY/LENGTH cm
C22: =2*A5 -> 2 | D22: =(D6-122)/10 -> -13.7 | H22: =1*A5 -> 1 | I22: =(C9-35.4)/10 -> -9.04 | J22: A
H23: =1*A5 -> 1 | I23: =(D9-30.8)/10 -> -5.8466667 | J23: B
H24: =1*A5 -> 1 | I24: =(F9-35.4)/10 -> -9.04 | J24: D
A25: 11646 | C25: ADET/PIECE | D25: BOY/LENGTH cm
C26: =4*A5 -> 4 | D26: =(D6-124)/10 -> -13.9 | F26: SÜRME YÖNÜ
F28: =VLOOKUP(A1,'ANA SAYFA'!A13:H42,8,0) -> sol
A30: M7524 | C30: ADET/PIECE | D30: BOY/LENGTH cm
C31: =IF(A35="ALT EŞİK PROFİLİ YOK",0,A5) -> 1 | D31: =(D5-15)/10 -> -1.5
A35: =CONCATENATE("ALT EŞİK PROFİLİ ",VLOOKUP(A1,'Veri Sayfası - 1'!A14:I43,9,0)) -> ALT EŞİK PROFİLİ VAR
A57: VAR
A58: YOK

Sheet 3 RAIL (2 PANEL) - POZ X
A1: POZ 2 | C1: HUUN SLIDING / SINGLE | H1: TARİH
C2: SINGLE GLASS (10mm) 2 PANEL CALC. | L2: ÜRETİM FORMU PANEL SAYISI | M2: HESAPLANAN POZUN PANEL SAYISI
C3: COUNTRY | D3: Company | E3: Project Name | F3: COLOR | H3: ='Veri Sayfası - 1'!C3 -> 46077
A4: 3 | C4: ='Veri Sayfası - 1'!C7 -> 0 | D4: ='Veri Sayfası - 1'!C8 -> 0 | E4: ='Veri Sayfası - 1'!C9 -> 0 | F4: ='Veri Sayfası - 1'!C11 -> 0
A5: =VLOOKUP(A1,'Veri Sayfası - 1'!A14:G43,7,0) -> 0 | C5: WIDTH (mm) | D5: =VLOOKUP(A1,'Veri Sayfası - 1'!A14:C43,2,0)*10 -> 0 | F5: NOTE: Measure is in millimeters | H5: HAZIRLAYAN | L5: 2 | M5: =VLOOKUP(A1,'Veri Sayfası - 1'!A14:F43,6,0) -> 0
C6: HEIGHT (mm) | D6: =IF(A45 = "ALT EŞİK PROFİLİ VAR",(VLOOKUP(A1,'Veri Sayfası - 1'!A14:C43,3,0)*10)-15,VLOOKUP(A1,'Veri Sayfası - 1'!A14:C43,3,0)*10) -> 0 | H6: ='Veri Sayfası - 1'!C4 -> 0
B8: HEIGHT mm | C8: =(D6-107) -> -107 | D8: =(D6-107) -> -107
B9: WIDTH mm | C9: =(D5/2-80) -> -80 | D9: =C9-11 -> -91
D10: FİX GLASS
L11: =IF(L5=M5," ","POZ NUMARASI YANLIŞ") -> POZ NUMARASI YANLIŞ
A12: M6332 | C12: ADET/PIECE | D12: BOY/LENGTH cm | F12: M6334 | H12: ADET/PIECE | I12: BOY/LENGTH cm
C13: =1*A5 -> 0 | D13: =(D5-110)/10 -> -11 | H13: =2*A5 -> 0 | I13: =(D6-4)/10 -> -0.4
A17: M6333 | C17: ADET/PIECE | D17: BOY/LENGTH cm | F17: 11574 | H17: ADET/PIECE | I17: BOY/LENGTH cm
C18: =1*A5 -> 0 | D18: =(D5-142)/10 -> -14.2 | H18: =1*A5 -> 0 | I18: =(C9-35)/10 -> -11.5 | J18: A
H19: =1*A5 -> 0 | I19: =(D9-36)/10 -> -12.7 | J19: B
A21: M6305 | C21: ADET/PIECE | D21: BOY/LENGTH cm | F21: 11579-R2 | H21: ADET/PIECE | I21: BOY/LENGTH cm
C22: =2*A5 -> 0 | D22: =(D6-122)/10 -> -12.2 | H22: =1*A5 -> 0 | I22: =I18 -> -11.5 | J22: A
H23: =1*A5 -> 0 | I23: =I19 -> -12.7 | J23: B
A25: 11646 | C25: ADET/PIECE | D25: BOY/LENGTH cm
C26: =2*A5 -> 0 | D26: =(D6-124)/10 -> -12.4 | F26: SÜRME YÖNÜ
F28: =VLOOKUP(A1,'ANA SAYFA'!A13:H42,8,0) -> 0
A30: 12039 | C30: ADET/PIECE | D30: BOY/LENGTH cm
C31: =C36 -> 0 | D31: =(D6-68)/10 -> -6.8
A35: 12061 | C35: ADET/PIECE | D35: BOY/LENGTH cm
C36: =A5 -> 0 | D36: =I13 -> -0.4
A40: M7524 | C40: ADET/PIECE | D40: BOY/LENGTH cm
C41: =IF(A45="ALT EŞİK PROFİLİ YOK",0,A5) -> 0 | D41: =(D5-15)/10 -> -1.5
A45: =CONCATENATE("ALT EŞİK PROFİLİ ",VLOOKUP(A1,'Veri Sayfası - 1'!A14:I43,9,0)) -> ALT EŞİK PROFİLİ YOK

Sheet 3 RAIL (3+3 PANEL) - POZ X
A1: POZ 3 | C1: HUUN SLIDING / SINGLE | H1: TARİH
C2: SINGLE GLASS (10mm) 3+3 PANEL CALC. | M2: ÜRETİM FORMU PANEL SAYISI | N2: HESAPLANAN POZUN PANEL SAYISI
C3: COUNTRY | D3: Company | E3: Project Name | F3: COLOR | H3: ='Veri Sayfası - 1'!C3 -> 46077
A4: SİSTEM SAYISI | C4: ='Veri Sayfası - 1'!C7 -> 0 | D4: ='Veri Sayfası - 1'!C8 -> 0 | E4: ='Veri Sayfası - 1'!C9 -> 0 | F4: ='Veri Sayfası - 1'!C11 -> 0
A5: =VLOOKUP(A1,'Veri Sayfası - 1'!A14:G43,7,0) -> 0 | C5: WIDTH (mm) | D5: =VLOOKUP(A1,'Veri Sayfası - 1'!A14:C43,2,0)*10 -> 0 | F5: NOTE: Measure is in millimeters | H5: HAZIRLAYAN | M5: 3+3 | N5: =VLOOKUP(A1,'Veri Sayfası - 1'!A14:F43,6,0) -> 0
C6: HEIGHT (mm) | D6: =IF(A47 = "ALT EŞİK PROFİLİ VAR",(VLOOKUP(A1,'Veri Sayfası - 1'!A14:C43,3,0)*10)-15,VLOOKUP(A1,'Veri Sayfası - 1'!A14:C43,3,0)*10) -> 0 | H6: ='Veri Sayfası - 1'!C4 -> 0
C8: WİNDOW A | D8: WİNDOW B | E8: WİNDOW A | F8: WİNDOW C | G8: WİNDOW B | H8: WİNDOW A
B9: HEIGHT (mm) | C9: =(D6-107) -> -107 | D9: =(D6-107) -> -107 | E9: =(D6-107) -> -107 | F9: =(D6-107) -> -107 | G9: =(D6-107) -> -107 | H9: =G9 -> -107
B10: WIDTH (mm) | C10: =(D5-280)/6+1 -> -45.666667 | D10: =(D5-112)/6+1 -> -17.666667 | E10: =C10 -> -45.666667 | F10: =(D5-100)/6+1 -> -15.666667 | G10: =D10 -> -17.666667 | H10: =E10 -> -45.666667
M11: =IF(M5=N5," ","POZ NUMARASI YANLIŞ") -> POZ NUMARASI YANLIŞ
A16: M6332 | C16: ADET/PIECE | D16: BOY/LENGTH cm | F16: M6334 | H16: ADET/PIECE | I16: BOY/LENGTH cm
C17: =1*A5 -> 0 | D17: =(D5-110)/10 -> -11 | H17: =2*A5 -> 0 | I17: =(D6-4)/10 -> -0.4
A21: M6333 | C21: ADET/PIECE | D21: BOY/LENGTH cm | F21: 11574 | H21: ADET/PIECE | I21: BOY/LENGTH cm
C22: =1*A5 -> 0 | D22: =(D5-142)/10 -> -14.2 | H22: =3*A5 -> 0 | I22: A
I23: =(C10-35.4)/10 -> -8.1066667
H24: =2*A5 -> 0 | I24: B
I25: =(D10-31)/10 -> -4.8666667
A26: M6305 | C26: ADET/PIECE | D26: BOY/LENGTH cm | H26: =1*A5 -> 0 | I26: C
C27: =3*A5 -> 0 | D27: =(D6-122)/10 -> -12.2 | I27: =(F10-36)/10 -> -5.1666667
F28: 11579-R2 | H28: ADET/PIECE | I28: BOY/LENGTH cm
H29: =3*A5 -> 0 | I29: A
I30: =I23 -> -8.1066667
H31: =2*A5 -> 0 | I31: B
A32: 11646 | C32: ADET/PIECE | D32: BOY/LENGTH cm | I32: =I25 -> -4.8666667
C33: =8*A5 -> 0 | D33: =(D6-124)/10 -> -12.4 | H33: =1*A5 -> 0 | I33: C
I34: =I27 -> -5.1666667
F36: SÜRME YÖNÜ
A37: M6313 | C37: ADET/PIECE | D37: BOY/LENGTH cm
C38: =1*A5 -> 0 | D38: =D27 -> -12.2 | F38: =VLOOKUP(A1,'ANA SAYFA'!A13:H42,8,0) -> 0
A42: M7524 | C42: ADET/PIECE | D42: BOY/LENGTH cm
C43: =IF(A47="ALT EŞİK PROFİLİ YOK",0,A5) -> 0 | D43: =(D5-15)/10 -> -1.5
A47: =CONCATENATE("ALT EŞİK PROFİLİ ",VLOOKUP(A1,'Veri Sayfası - 1'!A14:I43,9,0)) -> ALT EŞİK PROFİLİ YOK

Sheet 3 RAIL (2+2 PANEL FIX) - POZ X 
A1: POZ 4 | C1: HUUN SLIDING / SINGLE | H1: TARİH
C2: SINGLE GLASS (10mm) 3+3 PANEL CALC. | M2: ÜRETİM FORMU PANEL SAYISI | N2: HESAPLANAN POZUN PANEL SAYISI
C3: COUNTRY | D3: Company | E3: Project Name | F3: COLOR | H3: ='Veri Sayfası - 1'!C3 -> 46077
A4: SİSTEM SAYISI | C4: ='Veri Sayfası - 1'!C7 -> 0 | D4: ='Veri Sayfası - 1'!C8 -> 0 | E4: ='Veri Sayfası - 1'!C9 -> 0 | F4: ='Veri Sayfası - 1'!C11 -> 0
A5: =VLOOKUP(A1,'Veri Sayfası - 1'!A14:G43,7,0) -> 0 | C5: WIDTH (mm) | D5: =VLOOKUP(A1,'Veri Sayfası - 1'!A14:C43,2,0)*10 -> 0 | F5: NOTE: Measure is in millimeters | H5: HAZIRLAYAN | M5: 2+2 | N5: =VLOOKUP(A1,'Veri Sayfası - 1'!A14:F43,6,0) -> 0
C6: HEIGHT (mm) | D6: =IF(A56 = "ALT EŞİK PROFİLİ VAR",(VLOOKUP(A1,'Veri Sayfası - 1'!A14:C43,3,0)*10)-15,VLOOKUP(A1,'Veri Sayfası - 1'!A14:C43,3,0)*10) -> 0 | H6: ='Veri Sayfası - 1'!C4 -> 0
D8: WİNDOW A | E8: WİNDOW B | F8: WİNDOW C | G8: WİNDOW D
C9: HEIGHT (mm) | D9: =(D6-107) -> -107 | E9: =(D6-107) -> -107 | F9: =(D6-107) -> -107 | G9: =(D6-107) -> -107
C10: WIDTH (mm) | D10: =ROUNDDOWN(D5/4-80,0) -> -80 | E10: =D10+16 -> -64 | F10: =D10+49 -> -31 | G10: =D10+3 -> -77
D11: SABİT | G11: SABİT | M11: =IF(M5=N5," ","POZ NUMARASI YANLIŞ") -> POZ NUMARASI YANLIŞ
A16: M6332 | C16: ADET/PIECE | D16: BOY/LENGTH cm | F16: M6334 | H16: ADET/PIECE | I16: BOY/LENGTH cm
C17: =1*A5 -> 0 | D17: =(D5-110)/10 -> -11 | H17: =2*A5 -> 0 | I17: =(D6-4)/10 -> -0.4
A21: M6333 | C21: ADET/PIECE | D21: BOY/LENGTH cm | F21: 11574 | H21: ADET/PIECE | I21: BOY/LENGTH cm
C22: =1*A5 -> 0 | D22: =(D5-142)/10 -> -14.2 | H22: =1*$A$5 -> 0 | I22: A
I23: =(D10-35)/10 -> -11.5
H24: =1*$A$5 -> 0 | I24: B
I25: =(E10-35)/10 -> -9.9
H26: =1*$A$5 -> 0 | I26: C
I27: =(F10-36)/10 -> -6.7
A28: M6305 | C28: ADET/PIECE | D28: BOY/LENGTH cm | H28: =1*$A$5 -> 0 | I28: D
C29: =3*A5 -> 0 | D29: =(D6-122)/10 -> -12.2 | I29: =(G10-35)/10 -> -11.2
F30: 11579-R2 | H30: ADET/PIECE | I30: BOY/LENGTH cm
H31: =$A$5 -> 0 | I31: A
I32: =I23 -> -11.5
H33: =$A$5 -> 0 | I33: B
I34: =I25 -> -9.9
H35: =$A$5 -> 0 | I35: C
A36: 11646 | C36: ADET/PIECE | D36: BOY/LENGTH cm | I36: =I27 -> -6.7
C37: =4*A5 -> 0 | D37: =(D6-124)/10 -> -12.4 | H37: =$A$5 -> 0 | I37: D
I38: =I29 -> -11.2
F40: SÜRME YÖNÜ
A41: M6313 | C41: ADET/PIECE | D41: BOY/LENGTH cm
C42: =1*A5 -> 0 | D42: =D29 -> -12.2 | F42: =VLOOKUP(A1,'ANA SAYFA'!A13:H42,8,0) -> 0
A46: 12061 | C46: ADET/PIECE | D46: BOY/LENGTH cm | F46: 12069 | H46: ADET/PIECE | I46: BOY/LENGTH cm
C47: =2*A5 -> 0 | D47: =$I$17 -> -0.4 | H47: =2*A5 -> 0 | I47: =D47-6.8 -> -7.2
A51: M7524 | C51: ADET/PIECE | D51: BOY/LENGTH cm
C52: =IF(A56="ALT EŞİK PROFİLİ YOK",0,A5) -> 0 | D52: =(D5-15)/10 -> -1.5
A56: =CONCATENATE("ALT EŞİK PROFİLİ ",VLOOKUP(A1,'Veri Sayfası - 1'!A14:I42,9,0)) -> ALT EŞİK PROFİLİ YOK

Sheet MALİYET HESAPLAMA
B1: EURO / TL | E1: LME
B2: DOLAR / TL | E2: PRES
E3: BOYALI
B6: HUUN SÜRME ÜRETİM FİŞİ | F6: TARİH | G6: =TODAY() -> 46077
B7: Müşteri Adı | C7: ='Veri Sayfası - 1'!C8 -> 0
B8: Proje Adı | C8: ='Veri Sayfası - 1'!C9 -> 0 | F8: YÜZEY | G8: ='Veri Sayfası - 1'!C11 -> 0
B9: Sistem Adedi | C9: ='Veri Sayfası - 1'!G44 -> 1 | F9: FİŞ NO
B10: Fabrika Fiş No | F10: MALZEME KODU
A12: No | B12: Malzeme Kodu | C12: Malzeme Adı | D12: Birim | E12: Kullanılan Miktar | F12: Birim Fiyat | G12: Toplam
A14: 1 | B14: EM07300010 | C14: =VLOOKUP(B14,'Sürme Malzeme Listesi'!A2:E34,3,FALSE) -> SÜRME MERKEZLEME | D14: =VLOOKUP(B14,'Sürme Malzeme Listesi'!A2:E34,4,FALSE) -> AD | E14: =VLOOKUP(B14,'TASLAK MALİYET'!B:E,4,0) -> 6 | G14: =E14*F14 -> 0
A15: 2 | B15: EM07300011 | C15: =VLOOKUP(B15,'Sürme Malzeme Listesi'!A3:E35,3,FALSE) -> SÜRME TEKERİ ÇİFTLİ | D15: =VLOOKUP(B15,'Sürme Malzeme Listesi'!A3:E35,4,FALSE) -> AD | E15: =VLOOKUP(B15,'TASLAK MALİYET'!B:E,4,0) -> 6 | G15: =E15*F15 -> 0
A16: 3 | B16: EM06100145 | C16: =VLOOKUP(B16,'Sürme Malzeme Listesi'!A4:E36,3,FALSE) -> SÜRME DİKME ALT KAPAK PLASTİK | D16: =VLOOKUP(B16,'Sürme Malzeme Listesi'!A4:E36,4,FALSE) -> AD | E16: =VLOOKUP(B16,'TASLAK MALİYET'!B:E,4,0) -> 2 | G16: =E16*F16 -> 0
A17: 4 | B17: EM06100146 | C17: =VLOOKUP(B17,'Sürme Malzeme Listesi'!A5:E37,3,FALSE) -> ISI CAM SÜRME SU TAHLİYE PLASTİK | D17: =VLOOKUP(B17,'Sürme Malzeme Listesi'!A5:E37,4,FALSE) -> AD | E17: =VLOOKUP(B17,'TASLAK MALİYET'!B:E,4,0) -> 0 | G17: =E17*F17 -> 0
A18: 5 | B18: EM06100147 | C18: =VLOOKUP(B18,'Sürme Malzeme Listesi'!A6:E38,3,FALSE) -> ISI CAM SÜRME ALT ORTA PLASTİK | D18: =VLOOKUP(B18,'Sürme Malzeme Listesi'!A6:E38,4,FALSE) -> AD | E18: =VLOOKUP(B18,'TASLAK MALİYET'!B:E,4,0) -> 0 | G18: =E18*F18 -> 0
A19: 6 | B19: EM06100148 | C19: =VLOOKUP(B19,'Sürme Malzeme Listesi'!A7:E39,3,FALSE) -> ISI CAM SÜRME ÜST ORTA PLASTİK | D19: =VLOOKUP(B19,'Sürme Malzeme Listesi'!A7:E39,4,FALSE) -> AD | E19: =VLOOKUP(B19,'TASLAK MALİYET'!B:E,4,0) -> 0 | G19: =E19*F19 -> 0
A20: 7 | B20: EM06100149 | C20: =VLOOKUP(B20,'Sürme Malzeme Listesi'!A8:E40,3,FALSE) -> ISI CAM SÜRME ALT KULP PLASTİK | D20: =VLOOKUP(B20,'Sürme Malzeme Listesi'!A8:E40,4,FALSE) -> AD | E20: =VLOOKUP(B20,'TASLAK MALİYET'!B:E,4,0) -> 0 | G20: =E20*F20 -> 0
A21: 8 | B21: EM06100150 | C21: =VLOOKUP(B21,'Sürme Malzeme Listesi'!A9:E41,3,FALSE) -> ISI CAM SÜRME ÜST KULP PLASTİK | D21: =VLOOKUP(B21,'Sürme Malzeme Listesi'!A9:E41,4,FALSE) -> AD | E21: =VLOOKUP(B21,'TASLAK MALİYET'!B:E,4,0) -> 0 | G21: =E21*F21 -> 0
A22: 9 | B22: EM07100094 | C22: =VLOOKUP(B22,'Sürme Malzeme Listesi'!A10:E42,3,FALSE) -> ISICAMLI SÜRME METAL KÖŞE | D22: =VLOOKUP(B22,'Sürme Malzeme Listesi'!A10:E42,4,FALSE) -> AD | E22: =VLOOKUP(B22,'TASLAK MALİYET'!B:E,4,0) -> 0 | G22: =E22*F22 -> 0
A23: 10 | B23: EM07400007 | C23: =VLOOKUP(B23,'Sürme Malzeme Listesi'!A11:E43,3,FALSE) -> SÜRME SÜRME RAY 6,50X250 | D23: =VLOOKUP(B23,'Sürme Malzeme Listesi'!A11:E43,4,FALSE) -> MTR | E23: =VLOOKUP(B23,'TASLAK MALİYET'!B:E,4,0) -> 0 | G23: =E23*F23 -> 0
A24: 11 | B24: EM07300017 | C24: =VLOOKUP(B24,'Sürme Malzeme Listesi'!A12:E44,3,FALSE) -> Rotoline Secustik Pencere Kolu Titan 40 mm | D24: =VLOOKUP(B24,'Sürme Malzeme Listesi'!A12:E44,4,FALSE) -> AD | E24: =VLOOKUP(B24,'TASLAK MALİYET'!B:E,4,0) -> 0 | G24: =E24*F24 -> 0
A25: 12 | B25: EM07300022 | C25: =VLOOKUP(B25,'Sürme Malzeme Listesi'!A13:E45,3,FALSE) -> Rotoline Kilitli Kol Titan 35 mm | D25: =VLOOKUP(B25,'Sürme Malzeme Listesi'!A13:E45,4,FALSE) -> AD | E25: =VLOOKUP(B25,'TASLAK MALİYET'!B:E,4,0) -> 0 | G25: =E25*F25 -> 0
... A43: 30 | B43: EM06100144 | C43: =VLOOKUP(B43,'Sürme Malzeme Listesi'!A31:E63,3,FALSE) -> 914.CB.R.2C Cam Balkon Profili 10 mm Şeffaf&#4 | D43: =VLOOKUP(B43,'Sürme Malzeme Listesi'!A31:E63,4,FALSE) -> MTR | E43: =VLOOKUP(B43,'TASLAK MALİYET'!B:E,4,0) -> 0 | G43: =E43*F43 -> 0
A44: 31 | B44: EM07100097 | C44: =VLOOKUP(B44,'Sürme Malzeme Listesi'!A34:E66,3,FALSE) -> ÇERÇEVESİZ SÜRME METAL KAPAK | D44: =VLOOKUP(B44,'Sürme Malzeme Listesi'!A34:E66,4,FALSE) -> AD | E44: =VLOOKUP(B44,'TASLAK MALİYET'!B:E,4,0) -> 0 | G44: =E44*F44 -> 0 | H44: ISICAM
A45: 32 | B45: EM06100331 | C45: ALT EŞİK YAN KAPAK | D45: SET | E45: =VLOOKUP(B45,'TASLAK MALİYET'!B2:E33,4,0) -> 1 | G45: =F45*E45 -> 0
A46: 33 | B46: EM10200047 | C46: M5X35 KOL BAĞLANTI CİVATASI | D46: AD | E46: ='ANA SAYFA'!F2+'ANA SAYFA'!F3+'ANA SAYFA'!F4 -> 0 | G46: =E46*F46 -> 0
A47: 34 | B47: EM05100011 | C47: =VLOOKUP(B47,'Sürme Malzeme Listesi'!A32:E64,3,FALSE) -> C TR Ö T.CAM DC CL 10 MR-TMP | D47: =VLOOKUP(B47,'Sürme Malzeme Listesi'!A32:E64,4,FALSE) -> M2 | G47: =F47*E47 -> 0
A48: 35 | B48: PRF-7016 | C48: RAL 7016 BOYALI PROFİL | D48: KG | G48: =E48*F48 -> 0
F49: Malzeme Maliyet | G49: =SUM(G14:G48) -> 0
F50: Satış Fiyatı(€)
B52: PLANLAMA | D52: SATIŞ TEMSİLCİSİ | G52: BÖLÜM YÖNETİCİSİ
B53: İsim-Soyisim
B54: Malzeme Kontrol Tarih
B55: İmza

Sheet Sayfa1
B1: Siparişi Açan | E1: ='Veri Sayfası - 1'!C4 -> 0 | G1: SİPARİŞ VE SEVKİYAT FORMU
B2: Sipariş Tarihi | E2: ='Veri Sayfası - 1'!C3 -> 46077 | G2: MÜŞTERİ ADI
B3: Sipariş Numarası | G3: =CONCATENATE('Veri Sayfası - 1'!C7,"-",'Veri Sayfası - 1'!C8,"-",'Veri Sayfası - 1'!C9) -> 0-0-0
B4: SİPARİŞ DETAY
A5: Sıra No | B5: PROFİL AÇIKLMASI | C5: PROFİL NO | D5: PROFİL KESİT | E5: GRAMAJ (g/m) | F5: YÜZEY | G5: BOY(m) | H5: ADET | I5: Teorik TOPLAM (Kg) | J5: Profil Kontrol | K5: Boyahane Kontrol | L5: Atölye Kontrol | M5: Açıklama
A6: 1 | B6: SÜRME DİKME PROFİLİ | C6: 12558 | E6: 2.25 | F6: ='Veri Sayfası - 1'!$C$11 -> 0 | I6: =H6*G6*E6 -> 0 | M6: SERDAR USTAYA GİDECEK
A7: 2 | B7: TEKCAM SÜRME 5 Lİ ÜST RAY PROFİLİ | C7: 11570 | E7: 1.912 | F7: ='Veri Sayfası - 1'!$C$11 -> 0 | I7: =H7*G7*E7 -> 0
A8: 3 | B8: TEKCAM SÜRME 5 Lİ ÜST RAY PROFİLİ | C8: 11571 | E8: 1.797 | F8: ='Veri Sayfası - 1'!$C$11 -> 0 | I8: =H8*G8*E8 -> 0
A9: 4 | B9: TEKCAM SÜRME KOL PROFİLİ | C9: M6305 | E9: 0.929 | F9: ='Veri Sayfası - 1'!$C$11 -> 0 | I9: =H9*G9*E9 -> 0
A10: 5 | B10: TEKCAM SÜRME CAM PROFİLİ | C10: 11646 | E10: 0.2913 | F10: ='Veri Sayfası - 1'!$C$11 -> 0 | I10: =H10*G10*E10 -> 0
A11: 6 | B11: TEKCAM SÜRME CAM PROFİLİ | C11: 11574 | E11: 0.214 | F11: ='Veri Sayfası - 1'!$C$11 -> 0 | I11: =H11*G11*E11 -> 0
A12: 7 | B12: TEKCAM SÜRME CAM PROFİLİ | C12: 11579 | E12: 1.055 | F12: ='Veri Sayfası - 1'!$C$11 -> 0 | I12: =H12*G12*E12 -> 0
A13: 8 | B13: SÜRME ALT EŞİK PROFİLİ | C13: M6802 | E13: 2.43 | F13: ='Veri Sayfası - 1'!$C$11 -> 0 | I13: =H13*G13*E13 -> 0
A14: 8 | B14: TEKCAM 3 LÜ ÜST RAY PROFİLİ | C14: M6332 | E14: 1.552 | F14: ='Veri Sayfası - 1'!$C$11 -> 0 | I14: =H14*G14*E14 -> 0
A15: 9 | B15: TEKCAM 3 LÜ ÜST RAY PROFİLİ | C15: M6333 | E15: 1.063 | F15: ='Veri Sayfası - 1'!$C$11 -> 0 | I15: =H15*G15*E15 -> 0
A16: 10 | B16: TEKCAM SÜRME 3 LÜ DİKME PROFİLİ | C16: M6334 | E16: 1.53 | F16: ='Veri Sayfası - 1'!$C$11 -> 0 | I16: =H16*G16*E16 -> 0
A17: 11 | B17: SÜRME SABİT PROFİLİ | C17: 12039 | E17: 0.4303 | F17: ='Veri Sayfası - 1'!$C$11 -> 0 | I17: =H17*G17*E17 -> 0
A18: 12 | B18: SÜRME SABİT PROFİLİ | C18: 12061 | E18: 0.1746 | F18: ='Veri Sayfası - 1'!$C$11 -> 0 | I18: =H18*G18*E18 -> 0
A19: 13 | B19: TEKCAM SÜRME BÜYÜK KOL PROFİLİ | C19: M6313 | E19: 1.403 | F19: ='Veri Sayfası - 1'!$C$11 -> 0 | I19: =H19*G19*E19 -> 0
A20: 14 | B20: TEKCAM SÜRME DİKMESİZ KÖŞE PROFİLİ | C20: M6544 | E20: 0.944 | F20: ='Veri Sayfası - 1'!$C$11 -> 0 | I20: =H20*G20*E20 -> 0
A21: 15 | B21: TEKCAM SÜRME DİKMESİZ KÖŞE KAPAK PROFİLİ | C21: M6377 | E21: 0.127 | F21: ='Veri Sayfası - 1'!$C$11 -> 0 | I21: =H21*G21*E21 -> 0
H22: TOPLAM | I22: =SUM(I6:I21) -> 0 | J22: =I22*1.04 -> 0

Sheet Sürme Malzeme Listesi
B1: KODU | C1: MALZEME ADI | D1: BİRİM | E1: FİYAT
A2: EM07300010 | B2: SÜRME-00004 | C2: SÜRME MERKEZLEME | D2: AD | F2: EM07300010
A3: EM07300011 | B3: SÜRME-00052 | C3: SÜRME TEKERİ ÇİFTLİ | D3: AD | F3: EM07300011
A4: EM06100145 | B4: SÜRME-00105 | C4: SÜRME DİKME ALT KAPAK PLASTİK | D4: AD | F4: EM06100145
A5: EM06100146 | B5: SÜRME-00106 | C5: ISI CAM SÜRME SU TAHLİYE PLASTİK | D5: AD | F5: EM06100146
A6: EM06100147 | B6: SÜRME-00107 | C6: ISI CAM SÜRME ALT ORTA PLASTİK | D6: AD | F6: EM06100147
A7: EM06100148 | B7: SÜRME-00108 | C7: ISI CAM SÜRME ÜST ORTA PLASTİK | D7: AD | F7: EM06100148
A8: EM06100149 | B8: SÜRME-00109 | C8: ISI CAM SÜRME ALT KULP PLASTİK | D8: AD | F8: EM06100149
A9: EM06100150 | B9: SÜRME-00110 | C9: ISI CAM SÜRME ÜST KULP PLASTİK | D9: AD | F9: EM06100150
A10: EM07100094 | B10: SÜRME-00018 | C10: ISICAMLI SÜRME METAL KÖŞE | D10: AD | F10: EM07100094
A11: EM07400007 | B11: SÜRME-00007 | C11: SÜRME SÜRME RAY 6,50X250 | D11: MTR | F11: EM07400007
A12: EM07300017 | B12: 627458 | C12: Rotoline Secustik Pencere Kolu Titan 40 mm | D12: AD | F12: EM07300017
A13: EM07300022 | B13: ROTO-1 | C13: Rotoline Kilitli Kol Titan 35 mm | D13: AD | F13: EM07300022
... A34: EM07100097 | B34: SÜRME-00027 | C34: ÇERÇEVESİZ SÜRME METAL KAPAK | D34: AD | F34: EM07100097
B35: SÜRME-00027-B | C35: ÇERÇEVESİZ SÜRME METAL KAPAK BOYALI | D35: AD
